Model,MSE,R2
Linear,0.008002189571083219,-1.5506253396607055
RandomForest,0.005301829613099028,-0.6899100974314152
